MSA,Lat,Long,Region.x,talent_score,connect_score,cost_score,quality_score,finalscore
"Abilene, TX",32.4487364,-99.7331439,South,46.88969191,59.10029936,48.0123754,46.18726135,61.6
"Akron, OH",41.0814447,-81.5190053,Midwest,59.66192411,51.62726838,38.28161305,65.85147055,78.93
"Albany Schenectady Troy, NY",42.6525793,-73.7562317,Northeast,59.22834542,41.32104586,57.38593557,41.4497254,72.31
"Albany, GA",31.5785074,-84.155741,South,56.38040344,46.06478783,36.72803089,42.08882168,66.19
"Albuquerque, NM",35.110703,-106.609991,West,64.36125779,44.71343454,67.31378438,25.60916271,70.78
"Alexandria, LA",31.3112936,-92.4451371,South,49.62680526,35.9630433,46.20089295,61.56917999,44.77
"Allentown Bethlehem Easton, PA NJ",40.6084305,-75.4901833,Northeast,79.05139141,80.60573669,44.32746278,59.25698769,52.68
"Altoona, PA",40.5186809,-78.3947359,Northeast,48.08313032,38.80747965,50.18905472,47.65584426,13.42
"Amarillo, TX",35.2219971,-101.8312969,South,58.69341275,39.61709178,43.60758983,46.06478783,52.42
"Ames, IA",42.034722,-93.62,Midwest,44.94323844,46.43210566,59.01253525,33.94906127,54.97
"Anchorage, AK",61.2180556,-149.9002778,West,63.16658081,46.67685337,51.9184371,39.21436578,26.42
"Ann Arbor, MI",42.2808256,-83.7430378,Midwest,39.49700921,53.6950094,83.60787747,58.63600934,63.13
"Appleton, WI",44.2619309,-88.4153847,Midwest,57.30056458,64.37456773,55.33214638,51.50050238,28.97
"Arlington Alexandria, VA",38.9071923,77.0368707,South,47.35977001,36.11174441,46.22059552,50.49445773,57.01
"Asheville, NC",35.5950581,-82.5514869,South,55.50142712,22.41879377,63.78582945,18.56360716,58.8
"Athens Clarke County, GA",33.95,-83.383333,South,44.30198524,29.05965022,37.05616708,49.62395253,88.11
"Atlanta Sandy Springs Roswell, GA",33.7489954,-84.3879824,South,41.65919084,50.74472428,44.76610896,69.30802769,81.23
"Atlantic City Hammonton, NJ",39.3642834,-74.4229266,Northeast,59.84183307,34.58611792,31.3641588,76.7586118,34.83
"Auburn Opelika, AL",32.6098566,-85.4807825,South,56.9956113,67.47861548,33.01408482,35.9630433,79.19
"Augusta Richmond County, GA SC",33.4734978,-82.0105148,South,52.55697836,25.34829134,28.14556546,39.07921439,58.29
"Austin Round Rock, TX",30.267153,-97.7430608,South,52.4588504,48.02339794,46.07553291,42.84732358,85.31
"Bakersfield, CA",35.3732921,-119.0187125,West,38.4763387,28.21087039,64.11251605,21.74285731,15.46
"Baltimore Columbia Towson, MD",39.2903848,-76.6121893,South,38.6639304,42.97295492,49.3069694,23.66994517,71.03
"Bangor, ME",44.8011821,-68.7778138,Northeast,46.77831025,50.87015069,49.76440127,22.08549704,89.39
"Barnstable Town, MA",41.7003208,-70.3002024,Northeast,58.55727698,43.97121945,32.57268115,32.44739513,40.19
"Baton Rouge, LA",30.4582829,-91.1403196,South,42.99584133,25.08249279,64.07107283,77.87879865,26.93
"Battle Creek, MI",42.3211522,-85.1797142,Midwest,41.50731307,12.40740366,66.87123019,64.17368605,9.85
"Bay City, MI",43.5944677,-83.8888647,Midwest,56.27371411,52.2649984,51.86493162,53.56325442,7.55
"Beaumont Port Arthur, TX",30.080174,-94.1265562,South,48.59176261,44.59004616,42.18431479,55.58515694,41.46
"Bellingham, WA",48.74908,-122.4781473,West,52.23861079,52.65104545,26.26509405,37.97995234,55.23
"Bend Redmond, OR",44.0581728,-121.3153096,West,54.10482059,42.08882168,46.36730099,38.94358955,58.03
"Billings, MT",45.7832856,-108.5006904,West,75.08948208,79.84582375,35.94617197,39.61709178,29.99
"Binghamton, NY",42.0986867,-75.9179738,Northeast,39.01387917,22.08549704,65.00994961,44.21915308,50.13
"Birmingham Hoover, AL",33.5206608,-86.80249,South,36.92684311,18.56360716,44.11843804,21.02675336,74.6
"Bismarck, ND",46.8083268,-100.7837392,Midwest,36.13234385,17.08449381,59.67583798,10.46427361,36.87
"Blacksburg Christiansburg Radford, VA",37.2295733,-80.4139393,South,42.86272189,20.65168331,69.05781829,44.71343454,62.36
"Bloomington, IL",40.4842027,-88.9936873,Midwest,44.28300805,59.73318088,43.61189937,19.44651217,68.99
"Bloomington, IN",39.165325,-86.5263857,Midwest,48.10459644,48.26869628,54.76220859,23.36845612,85.56
"Boise City, ID",43.6187102,-116.2146068,West,60.50909717,53.95969456,47.04232368,50.12041858,61.34
"Boston Cambridge Newton, MA NH",42.3584308,-71.0597732,Northeast,53.76159122,53.17022313,60.14907187,26.11705037,84.03
"Boulder, CO",40.0149856,-105.2705456,West,20.23749932,33.62396475,66.36524676,82.3522665,77.66
"Bowling Green, KY",36.9685219,-86.4808043,South,60.90640099,64.78345539,46.8694902,56.14344448,64.66
"Bremerton Silverdale, WA",47.5673202,-122.6329356,West,44.60623535,45.69708883,45.3325179,26.60785249,7.81
"Bridgeport Stamford Norwalk, CT",41.1865478,-73.1951767,Northeast,43.18247862,34.89851592,45.06372912,6.256178979,83.78
"Brownsville Harlingen, TX",25.9017472,-97.4974838,South,70.26908431,52.136906,33.66546689,50.36960352,84.54
"Brunswick, GA",31.1499528,-81.4914894,South,74.51329681,39.34905508,44.1373175,56.42614254,18.01
"Buffalo Cheektowaga Niagara Falls, NY",42.8864468,-78.8783689,Northeast,64.26889732,41.70619961,51.9537477,55.17223276,67.21
"Burlington South Burlington, VT",44.4758825,-73.212072,Northeast,76.37393721,47.65584426,27.05755475,65.41592251,29.22
"Burlington, NC",36.0956918,-79.4377991,South,55.83623002,49.74784782,51.21780043,52.90996972,12.65
"Canton Massillon, OH",40.7989473,-81.378447,Midwest,30.78729859,9.292976865,79.61983169,47.90083365,57.27
"Cape Coral Fort Myers, FL",26.5628537,-81.9495331,South,21.86463243,27.54392676,65.67069189,57.88006231,32.03
"Cape Girardeau, MO IL",37.3058839,-89.5181476,Midwest,60.5050857,65.41592251,45.12639899,39.34905508,16.73
"Carson City, NV",39.1637984,-119.7674034,West,84.95372218,85.92111357,48.45754441,71.0997464,5.77
"Casper, WY",42.866632,-106.313081,West,53.64922906,18.09341307,45.10919579,50.74472428,8.83
"Cedar Rapids, IA",41.9778795,-91.6656232,Midwest,41.74425863,21.39019525,61.77997946,37.69966113,30.75
"Champaign Urbana, IL",40.1164204,-88.2433829,Midwest,54.46416446,44.34291189,35.21124196,57.58344321,92.45
"Charleston North Charleston, SC",32.7764749,-79.9310512,South,71.99239706,39.48329344,58.15667493,61.05300019,51.91
"Charleston, WV",38.3498195,-81.6326234,South,45.51194763,22.74335921,51.94492312,48.76014427,76.13
"Charlotte Concord Gastonia, NC SC",35.2270869,-80.8431267,South,79.1332872,73.98038955,37.44288292,56.00300514,80.46
"Charlottesville, VA",38.0293059,-78.4766781,South,67.5356123,14.69929103,47.10503862,44.34291189,60.83
"Chattanooga, TN GA",35.0456297,-85.3096801,South,49.3199632,40.41122753,42.93701768,42.97295492,65.42
"Cheyenne, WY",41.1399814,-104.8202462,West,64.41445777,52.90996972,55.44316601,66.52790448,54.21
"Chicago Naperville Elgin, IL IN WI",41.8781136,-87.6297982,Midwest,21.67951409,41.57810721,72.86005222,43.47350209,86.58
"Chico, CA",39.7284944,-121.8374777,West,79.51398601,73.57907496,38.02766062,40.67288248,38.4
"Cincinnati, OH KY IN",39.1031182,-84.5120196,Midwest,54.5023212,31.74455988,59.6987014,59.41467989,93.47
"Clarksville, TN KY",36.5297706,-87.3594528,South,62.69431603,49.37656485,41.116482,53.95969456,19.79
"Cleveland Elyria, OH",41.49932,-81.6943605,Midwest,38.45127595,40.54223481,50.82751161,45.81970767,91.68
"Cleveland, TN",35.1595182,-84.8766115,South,32.61754027,38.25794867,58.2214214,76.24186713,16.99
"Coeur d'Alene, ID",47.6776832,-116.7804664,West,44.654401,55.03562596,59.34362871,20.26403065,48.85
"College Station Bryan, TX",30.627977,-96.3344068,South,85.75514878,79.14381458,31.55370326,54.22601383,95
"Colorado Springs, CO",38.8338816,-104.8213634,West,56.16892465,63.9750715,41.2160866,38.25794867,59.56
"Columbia, MO",38.9517053,-92.3340724,Midwest,44.2777947,45.20594523,76.5827599,37.13174073,89.9
"Columbia, SC",34.0007104,-81.0348144,South,61.33930257,70.17316044,24.28613077,36.11174441,60.07
"Columbus, GA AL",32.4609764,-84.9877094,South,49.52985507,43.84703142,35.04923252,37.274675,19.28
"Columbus, IN",39.2014404,-85.9213796,Midwest,57.99196746,63.20182045,47.24504045,35.66321404,51.66
"Columbus, OH",39.9611755,-82.9987942,Midwest,61.31600319,63.39209004,39.63189973,58.78983424,90.66
"Corpus Christi, TX",27.8005828,-97.396381,South,27.6756726,37.97995234,58.43080549,74.82909073,82.5
"Corvallis, OR",44.5645659,-123.2620435,West,46.12891986,53.8271528,56.94228686,48.14601678,67.97
"Crestview Fort Walton Beach Destin, FL",30.7541808,-86.5727995,South,57.67195739,50.61949564,55.57508443,26.84731564,56.25
"Cumberland, MD WV",39.6528654,-78.7625185,South,87.14884472,92.84310561,27.57643295,51.88155679,45.54
"Dallas Fort Worth Arlington, TX",32.7801399,-96.8004511,South,37.80558911,48.63716038,67.7649033,35.3600136,87.86
"Dalton, GA",34.7698021,-84.9702228,South,69.88285208,63.58434407,29.33716406,51.62726838,36.62
"Danville, IL",40.124481,-87.6300207,Midwest,75.94244124,60.21914086,49.86651637,53.8271528,24.12
"Davenport Moline Rock Island, IA IL",41.5236437,-90.5776367,Midwest,57.5132968,58.78983424,46.37394965,18.09341307,36.11
"Dayton, OH",39.7589478,-84.1916069,Midwest,70.5304426,62.82698621,26.35965151,80.60573669,92.7
"Decatur, AL",34.6059253,-86.9833417,South,61.22249951,40.14809621,45.92122147,40.54223481,29.48
"Decatur, IL",39.8403147,-88.9548001,Midwest,23.85278557,32.44739513,72.70454983,65.20242305,4.75
"Deltona Daytona Beach Ormond Beach, FL",28.9005446,-81.2636738,South,49.182547,27.31520113,37.87668081,7.921992035,41.2
"Denver Aurora Lakewood, CO",39.737567,-104.9847179,West,47.83671462,37.69966113,55.56764339,73.1914223,87.35
"Des Moines West Des Moines, IA",41.6005448,-93.6091064,Midwest,41.55179383,63.77864826,28.91504408,71.42431184,69.76
"Detroit Warren Dearborn, MI",42.331427,-83.0457538,Midwest,74.88584586,61.22366376,31.41316899,52.52205975,95.25
"Dothan, AL",31.2232313,-85.3904888,South,47.9151909,35.51204564,45.9371655,58.94458969,50.64
"Dover, DE",39.158168,-75.5243682,South,66.18275311,70.78335941,32.51349756,54.76389122,27.95
"Dubuque, IA",42.5005583,-90.6645718,Midwest,68.07686559,46.9215528,41.22346273,38.53375703,39.17
"Duluth, MN WI",46.7866719,-92.1004852,Midwest,39.56473929,53.3008708,46.72804349,27.99163506,32.54
"Durham Chapel Hill, NC",35.9940329,-78.898619,South,62.20769657,68.2339429,35.38432088,52.136906,74.09
"Eau Claire, WI",44.811349,-91.4984941,Midwest,35.58134769,24.2528907,63.87306346,32.95942403,40.7
"El Centro, CA",32.792,-115.5630514,West,45.46286317,42.46912734,58.77431537,49.12967106,49.36
"El Paso, TX",31.7775757,-106.4424559,South,63.45381092,43.22360996,46.30108414,44.09525779,92.19
"Elizabethtown Fort Knox, KY",37.7030646,-85.8649408,South,99,99,6.286646805,99,22.34
"Elkhart Goshen, IN",41.6819935,-85.9766671,Midwest,69.11881399,62.09854573,39.57234876,43.34864788,11.63
"Elmira, NY",42.0897965,-76.8077338,Northeast,37.59196255,11.49083911,68.48885032,24.53507792,6.28
"Erie, PA",42.1292241,-80.085059,Northeast,66.73838978,61.05300019,43.00069504,46.43210566,39.93
"Eugene, OR",44.0520691,-123.0867536,West,47.68533829,53.56325442,56.78976417,72.45291035,91.17
"Evansville, IN KY",37.9715592,-87.5710898,Midwest,37.47088266,40.93313589,45.5344606,47.04389951,13.93
"Fairbanks, AK",64.8377778,-147.7163889,West,39.17483642,42.72148009,54.66314109,57.28988207,27.69
"Fargo, ND MN",46.8771863,-96.7898034,Midwest,53.70029827,28.64068256,46.81395511,9.292976865,55.48
"Farmington, NM",36.7280583,-108.2186856,West,41.91927769,4.106814838,65.027366,79.84582375,39.42
"Fayetteville Springdale Rogers, AR MO",36.0625795,-94.1574263,South,50.41749631,46.7992061,59.90732322,30.64128516,53.19
"Fayetteville, NC",35.0526641,-78.8783585,South,91.02652067,83.378832,4.945452262,54.35981217,22.85
"Flagstaff, AZ",35.1982836,-111.651302,West,40.38944324,54.76389122,83.721214,68.49481427,61.85
"Flint, MI",43.0125274,-83.6874562,Midwest,69.06978899,59.89404434,24.51516016,55.86315327,56.76
"Florence Muscle Shoals, AL",34.79981,-87.677251,South,48.52490794,56.71136488,59.83135467,41.32104586,41.71
"Florence, SC",34.1954331,-79.7625625,South,28.33082506,36.84387078,53.52312984,62.45937146,58.54
"Fond du Lac, WI",43.7730448,-88.4470508,Midwest,1,32.27392562,68.47484205,34.42842572,25.65
"Fort Collins, CO",40.5852602,-105.084423,West,53.15543648,54.0926448,61.52854677,58.02956582,75.11
"Fort Lauderdale, FL",25.7890972,-80.2040435,South,55.20789529,43.09838133,56.18280091,63.77864826,75.88
"Fort Smith, AR OK",35.3859242,-94.3985475,South,62.28351951,57.7313612,65.68056868,31.74455988,35.6
"Fort Wayne, IN",41.079273,-85.1393513,Midwest,56.91728988,33.78708452,54.44355704,55.03562596,37.38
"Fresno, CA",36.7468422,-119.7725868,West,52.05441726,43.47350209,45.23669127,61.39571048,62.87
"Gadsden, AL",34.014264,-86.0066386,South,30.44733703,21.02675336,42.03540199,55.72387504,71.54
"Gainesville, FL",29.6516344,-82.3248262,South,45.87026877,42.21583723,36.80445518,23.0597462,91.43
"Gainesville, GA",34.2978794,-83.8240663,South,64.77908575,58.33105997,34.47297753,43.72268703,10.61
"Glens Falls, NY",42.2548097,-74.0270786,Northeast,64.27904801,69.03159255,16.74114686,32.27392562,54.72
"Goldsboro, NC",35.3848841,-77.9927651,South,56.24525887,32.79010542,32.18797776,52.2649984,33.56
"Grand Forks, ND MN",47.9252568,-97.0328547,Midwest,82.28725057,76.7586118,22.2387079,38.67087284,46.05
"Grand Junction, CO",39.0638705,-108.5506486,West,40.52694521,17.60123848,62.00228604,53.3008708,16.48
"Grand Rapids Wyoming, MI",42.9633599,-85.6680863,Midwest,61.80547327,57.43628958,50.02259687,64.78345539,67.46
"Great Falls, MT",47.4941836,-111.2833449,West,38.29852909,38.67087284,58.95453778,43.97121945,10.36
"Greeley, CO",40.4233142,-104.7091322,West,53.33087633,43.72268703,55.69762021,49.00639331,12.91
"Green Bay, WI",44.519159,-88.019826,Midwest,45.93433116,16.54009138,54.75932996,52.00909483,23.61
"Greensboro High Point, NC",36.0726354,-79.7919754,South,14.06516603,40.01595281,39.19419271,21.39019525,90.15
"Greenville Anderson Mauldin, SC",34.8526176,-82.3940104,South,28.94151425,21.74285731,68.82149895,63.0134725,88.37
"Greenville, NC",35.612661,-77.3663538,South,59.94733721,69.59021491,41.21537278,67.47861548,35.34
"Gulfport Biloxi Pascagoula, MS",30.3674198,-89.0928155,South,38.32060999,35.3600136,61.73973986,44.59004616,60.58
"Hagerstown Martinsburg, MD WV",39.6417629,-77.7199932,South,68.68621383,23.36845612,54.95657859,67.97776296,12.14
"Hanford Corcoran, CA",36.3274502,-119.6456844,West,49.280636,46.55448857,57.39795608,70.17316044,30.5
"Harrisburg Carlisle, PA",40.2731911,-76.8867008,Northeast,33.3135317,41.19206016,46.90640332,29.86803411,51.4
"Harrisonburg, VA",38.4495688,-78.8689155,South,44.48391165,44.46654075,30.02133691,59.10029936,64.4
"Hartford West Hartford East Hartford, CT",41.7637111,-72.6850932,Northeast,22.82445572,49.62395253,43.49939772,87.58692663,39.68
"Hattiesburg, MS",31.3271189,-89.2903392,South,50.02791848,42.84732358,81.2799873,28.64068256,40.95
"Hickory Lenoir Morganton, NC",35.7344538,-81.3444573,South,84.91513614,77.30301423,24.89926665,59.89404434,45.79
"Hinesville, GA",31.846877,-81.5959453,South,50.45532479,52.52205975,52.56482613,50.24492609,15.71
"Hot Springs, AR",34.5037004,-93.0551795,South,51.32445194,58.63600934,25.14330665,42.59541714,14.44
"Houma Thibodaux, LA",29.5957696,-90.7195348,South,42.3793682,25.60916271,54.5634968,63.9750715,20.81
"Houston The Woodlands Sugar Land, TX",29.7601927,-95.3693896,South,53.39572944,47.77831778,40.8894009,34.89851592,76.9
"Huntington Ashland, WV KY OH",38.4192496,-82.445154,Midwest,64.22946049,57.88006231,49.7292502,58.33105997,31.26
"Huntsville, AL",34.7303688,-86.5861037,South,72.2754035,33.12743446,54.95362056,92.84310561,67.72
"Idaho Falls, ID",43.4916514,-112.0339645,West,65.86674809,71.42431184,26.71544348,20.65168331,45.28
"Indianapolis Carmel Anderson, IN",39.768403,-86.158068,Midwest,46.05840989,51.12162552,76.07639247,37.55862016,83.27
"Iowa City, IA",41.6611277,-91.5301683,Midwest,62.25093351,66.99578997,38.743231,41.70619961,93.98
"Ithaca, NY",42.4439614,-76.5018807,Northeast,46.75024866,41.06275973,48.16863557,49.25305945,92.96
"Jackson, MI",42.245869,-84.4013462,Midwest,51.7135886,28.85147227,73.70863574,64.57779625,28.2
"Jackson, MS",32.2987573,-90.1848103,South,32.06434211,29.26530936,63.56364745,61.74411351,63.64
"Jackson, TN",35.6145169,-88.8139469,South,97.06329386,89.73629077,12.03943856,34.10992473,72.05
"Jacksonville, FL",30.3321838,-81.655651,South,64.47190528,46.30969861,28.21818351,22.74335921,82.76
"Jacksonville, NC",34.7540524,-77.4302414,South,64.41054644,63.0134725,16.14445881,44.8367123,17.24
"Jefferson City, MO",38.5767017,-92.1735164,Midwest,63.05330519,15.96430696,60.7752637,69.87847593,18.26
"Jersey City Hoboken, NJ",40.7127837,-74.0059413,Northeast,50.16518133,65.20242305,34.04117351,36.2596624,69.25
"Johnson City, TN",36.3134397,-82.3534727,South,56.63278792,49.00639331,36.29573943,46.7992061,55.74
"Johnstown, PA",40.3267407,-78.9219698,Northeast,41.58217244,41.4497254,57.54586682,47.41099995,9.59
"Jonesboro, AR",35.8422967,-90.704279,South,47.4514193,53.03992581,38.99287217,13.99728186,59.81
"Joplin, MO",37.0842271,-94.513281,Midwest,16.9188011,45.45166301,42.75424212,59.57340199,17.75
"Kalamazoo Portage, MI",42.2917069,-85.5872286,Midwest,65.16617626,62.27813546,31.93886011,53.6950094,79.7
"Kankakee, IL",41.1200325,-87.8611531,Midwest,85.99043225,61.92055389,9.173014986,33.29417213,43.75
"Kansas City, MO KS",39.0997265,-94.5785667,Midwest,49.60332819,49.87188616,57.60736236,49.74784782,85.05
"Kennewick Richland, WA",46.2112458,-119.1372338,West,49.15946502,34.10992473,59.3477082,48.88321981,79.95
"Killeen Temple, TX",31.1171194,-97.7277959,South,67.1983499,57.28988207,52.74276691,57.14420292,11.12
"Kingsport Bristol Bristol, TN VA",36.548434,-82.5618186,South,71.37734704,53.43187808,35.9793184,60.88368157,14.69
"Kingston, NY",41.9270367,-73.9973608,Northeast,51.84542971,33.45967124,26.28910538,41.83401078,20.3
"Knoxville, TN",35.9606384,-83.9207392,South,27.48522689,23.96462968,58.62377652,60.38343437,72.56
"Kokomo, IN",40.486427,-86.1336033,Midwest,60.37924598,57.58344321,50.29321208,46.9215528,41.97
"La Crosse Onalaska, WI MN",43.8013556,-91.2395807,Midwest,72.49807517,64.57779625,29.85809871,47.16625224,49.87
"Lafayette West Lafayette, IN",40.4167022,-86.8752869,Midwest,42.31026886,49.25305945,50.53634432,58.48309201,81.99
"Lafayette, LA",30.2240897,-92.0198427,South,53.74625153,62.45937146,42.74697106,56.71136488,70.01
"Lake Charles, LA",30.2265949,-93.2173758,South,34.26909437,29.66941956,71.78852414,81.43570195,10.1
"Lake Havasu City Kingman, AZ",34.483901,-114.3224548,West,77.34538791,75.27949844,36.68281311,44.46654075,18.52
"Lakeland Winter Haven, FL",28.0394654,-81.9498042,South,50.6435243,51.37397827,49.92782344,1,45.03
"Lancaster, PA",40.0378755,-76.3055144,Northeast,55.49255427,51.88155679,16.00924255,54.89951606,9.08
"Lansing East Lansing, MI",42.732535,-84.5555347,Midwest,42.67080686,39.21436578,46.79243742,19.01401488,87.09
"Laredo, TX",27.5305671,-99.4803241,South,71.5076695,56.85496095,43.16605304,73.98038955,78.42
"Las Cruces, NM",32.3199396,-106.7636538,West,31.03921864,32.95942403,50.24937493,63.20182045,70.27
"Las Vegas Henderson Paradise, NV",36.1699412,-115.1398296,West,57.85313004,44.9598858,42.32522085,49.50019372,75.62
"Lawrence, KS",38.9716689,-95.2352501,Midwest,51.56305155,38.53375703,52.12555603,12.40740366,94.49
"Lawton, OK",34.6035669,-98.3959291,South,68.43832276,50.49445773,32.14886047,77.30301423,37.89
"Lebanon, PA",40.3409251,-76.4113497,Northeast,35.39926441,52.39338021,41.62142687,36.84387078,21.32
"Lewiston Auburn, ME",44.100351,-70.2147764,Northeast,36.65838876,26.11705037,61.4659303,28.85147227,38.66
"Lewiston, ID WA",46.4004089,-117.0011889,West,76.09852649,59.57340199,37.16322226,35.81353978,29.73
"Lexington Fayette, KY",38.0405837,-84.5037164,South,52.61108645,56.56843061,39.65275772,62.27813546,93.21
"Lima, OH",40.742551,-84.1052256,Midwest,91.96574502,84.55012874,14.24012088,44.9598858,59.05
"Lincoln, NE",40.809722,-96.675278,Midwest,64.91261424,52.00909483,38.4359817,48.26869628,77.4
"Little Rock North Little Rock Conway, AR",34.7464809,-92.2895948,South,48.11721191,27.08304638,46.05128785,60.71567115,73.33
"Logan, UT ID",41.7369803,-111.8338359,West,34.03660498,50.99578203,79.2597027,64.37456773,25.4
"Longview, TX",32.5007037,-94.7404891,South,51.74023596,37.41696307,55.87222259,45.94227196,11.89
"Longview, WA",46.1381676,-122.9381672,West,44.30781244,54.62873983,35.6063097,32.0989921,8.57
"Los Angeles Long Beach Anaheim, CA",34.0522342,-118.2436849,West,59.70521679,42.59541714,62.25728439,70.78335941,69.5
"Louisville/Jefferson County, KY IN",38.2526647,-85.7584557,South,79.14976974,60.38343437,45.82220561,56.85496095,74.86
"Lubbock, TX",33.5778631,-101.8551665,South,39.70801129,52.78034588,99,68.2339429,93.72
"Lynchburg, VA",37.4137536,-79.1422464,South,28.39144715,61.74411351,58.9457584,29.05965022,22.09
"Macon Bibb County, GA",32.8406946,-83.6324022,South,62.18102556,66.29917885,19.20686281,24.2528907,46.56
"Madera, CA",36.9613356,-120.0607176,West,30.09144786,29.46853787,50.98206633,28.21087039,33.05
"Madison, WI",43.0730517,-89.4012302,Midwest,47.40342258,59.41467989,46.17695354,39.48329344,82.25
"Manchester Nashua, NH",42.9956397,-71.4547891,Northeast,34.67406689,13.99728186,64.44187218,32.79010542,52.93
"Manhattan, KS",39.1836082,-96.5716694,Midwest,51.83304754,55.30934858,53.12294981,30.8296331,80.21
"Mankato North Mankato, MN",44.1635775,-93.9993996,Midwest,53.33497546,66.76005923,15.28425873,31.92255172,20.56
"Mansfield, OH",40.75839,-82.5154471,Midwest,73.86404665,58.48309201,69.41695009,65.63223522,28.46
"McAllen Edinburg Mission, TX",26.2034071,-98.2300124,South,59.53707399,29.86803411,58.66090749,49.99607419,83.01
"Medford, OR",42.3265152,-122.8755949,West,50.2308039,10.46427361,50.13774085,16.54009138,34.58
"Memphis, TN MS AR",35.1495343,-90.0489801,South,59.90235705,32.0989921,23.23678037,37.84010047,57.78
"Merced, CA",37.3021632,-120.4829677,West,41.71878376,30.64128516,54.84616145,25.34829134,42.48
"Miami Fort Lauderdale West Palm Beach, FL",25.7890972,-80.2040435,South,44.94564897,26.84731564,42.50213605,17.08449381,76.39
"Michigan City La Porte, IN",41.7075394,-86.8950297,Midwest,59.21844447,41.96154882,36.73962116,53.03992581,31.77
"Midland, TX",31.9973456,-102.0779146,South,64.61115105,59.25698769,28.6370404,33.78708452,6.53
"Milwaukee Waukesha West Allis, WI",43.0389025,-87.9064736,Midwest,43.53757645,15.35258918,48.82916017,56.99923483,65.17
"Minneapolis St. Paul Bloomington, MN WI",44.983334,-93.26667,Midwest,44.86000008,49.99607419,67.23767212,24.81151305,66.95
"Missoula, MT",46.8625,-114.011667,West,75.24715769,69.30802769,24.3891332,74.39659344,91.94
"Mobile, AL",30.6953657,-88.0398912,South,80.48222588,75.74969254,26.58005586,38.39611985,80.97
"Modesto, CA",37.6390972,-120.9968782,West,48.49517551,34.26970362,45.41374626,17.60123848,13.67
"Monroe, LA",32.5093109,-92.1193012,South,50.85093092,34.74280625,43.35723827,56.28448545,78.68
"Monroe, MI",41.9164343,-83.3977101,Midwest,36.97850668,47.16625224,48.90604472,40.93313589,5
"Montgomery, AL",32.3668052,-86.2999689,South,64.42327068,56.99923483,46.88474875,38.80747965,59.3
"Morgantown, WV",39.629526,-79.9558968,South,76.69884222,66.07374422,32.01157455,47.28861704,81.74
"Morristown, TN",36.2139814,-83.2948922,South,41.53057723,37.13174073,34.14107643,22.41879377,31.01
"Mount Vernon Anacortes, WA",48.421216,-122.3340474,West,60.34277647,64.99163334,32.19089324,35.51204564,36.36
"Muncie, IN",40.1933767,-85.3863599,Midwest,45.13084097,25.86534265,40.30960381,41.57810721,73.58
"Muskegon, MI",43.2341813,-86.2483921,Midwest,70.5934347,61.56917999,43.61879999,50.61949564,14.18
"Myrtle Beach Conway North Myrtle Beach, SC NC",33.6890603,-78.8866943,South,64.71995922,56.00300514,48.68643749,79.14381458,22.6
"Napa, CA",38.2975381,-122.286865,West,40.74337084,31.20080144,53.76656532,29.46853787,31.52
"Naples Immokalee Marco Island, FL",26.1420358,-81.7948103,South,56.19986024,36.98814465,48.94400717,36.98814465,9.34
"Nashville Davidson  Murfreesboro  Franklin, TN",36.166667,-86.783333,South,43.25941242,51.75428393,45.02906144,11.49083911,78.17
"New Haven Milford, CT",41.308274,-72.9278835,Northeast,56.69603517,67.97776296,52.76373332,52.65104545,63.89
"New Orleans Metairie, LA",29.9510658,-90.0715323,South,53.78644742,54.49405053,24.36173882,33.62396475,60.32
"New York City, NY",40.7127837,-74.0059413,Northeast,53.82986827,50.36960352,38.31235393,66.76005923,90.92
"Newark, NJ",40.7127837,-74.0059413,Northeast,83.49581533,81.43570195,17.77312546,62.09854573,94.74
"Niles Benton Harbor, MI",41.8297694,-86.2541768,Midwest,51.12066348,56.42614254,48.52433567,53.43187808,65.68
"North Port Sarasota Bradenton, FL",27.044224,-82.2359254,South,50.08606127,36.2596624,44.17889931,30.45101556,35.85
"Norwich New London, CT",41.5242649,-72.0759105,Northeast,43.85717097,37.55862016,55.48877973,63.58434407,10.87
"Ocala, FL",29.1871986,-82.1400923,South,49.65204794,40.8031798,76.75146731,51.12162552,37.13
"Ocean City, NJ",39.2776156,-74.5746001,Northeast,55.87180834,30.45101556,50.04560165,50.99578203,19.03
"Odessa, TX",31.8456816,-102.3676431,South,76.06859859,74.82909073,48.20420844,33.12743446,7.3
"Ogden Clearfield, UT",41.223,-111.9738304,West,62.36926145,43.59817952,51.75458979,45.32884371,25.91
"Oklahoma City, OK",35.4675602,-97.5164276,South,65.2558464,76.24186713,33.54674829,46.67685337,89.13
"Olympia Tumwater, WA",47.0378741,-122.9006951,West,52.71996629,35.66321404,42.68684662,45.69708883,37.64
"Omaha Council Bluffs, NE IA",41.2523634,-95.9979883,Midwest,60.77347457,54.35981217,47.5469881,40.8031798,71.8
"Orlando Kissimmee Sanford, FL",28.5383355,-81.3792365,South,39.13513129,51.24768847,43.38076419,69.59021491,84.8
"Oshkosh Neenah, WI",44.0247062,-88.5426136,Midwest,58.76431903,47.28861704,21.20300672,47.533407,42.22
"Owensboro, KY",37.7719074,-87.1111676,South,57.70360666,40.27985119,55.04335784,62.82698621,24.38
"Oxnard Thousand Oaks Ventura, CA",34.1975048,-119.1770516,West,20.91508396,42.34260323,58.57621411,89.73629077,48.09
"Palm Bay Melbourne Titusville, FL",28.0344621,-80.5886646,South,71.56066076,58.94458969,45.06171039,72.10024829,71.29
"Panama City, FL",30.1588129,-85.6602058,South,40.45183752,36.40681603,58.40495333,27.31520113,23.1
"Parkersburg Vienna, WV",39.2667418,-81.5615135,South,55.93728798,13.23736892,52.27154623,43.84703142,53.7
"Pensacola Ferry Pass Brent, FL",30.421309,-87.2169149,South,57.28156275,46.18726135,37.14756474,45.20594523,26.16
"Peoria, IL",40.6936488,-89.5889864,Midwest,62.59810509,69.87847593,29.15454407,52.39338021,7.04
"Philadelphia Camden Wilmington, PA NJ DE MD",39.952335,-75.163789,Northeast,45.41304888,38.39611985,35.33791034,25.08249279,73.84
"Phoenix Mesa Scottsdale, AZ",33.4483771,-112.0740373,West,78.9045204,72.45291035,26.76259541,40.27985119,94.23
"Pine Bluff, AR",34.2284312,-92.0031955,South,37.65610979,49.12967106,67.35549642,54.49405053,24.63
"Pittsburgh, PA",40.4406248,-79.9958864,Northeast,50.68259238,7.921992035,50.70881534,55.30934858,62.62
"Pittsfield, MA",42.4500845,-73.2453824,Northeast,62.9602813,24.53507792,46.2299072,15.35258918,56.5
"Pocatello, ID",42.8713032,-112.4455344,West,59.61162601,30.8296331,36.70242926,63.39209004,32.28
"Port St. Lucie, FL",45.5234515,-122.6762071,South,43.89463978,35.05327137,46.28437551,15.96430696,44.01
"Portland South Portland, ME",27.2730492,-80.3582261,Northeast,61.74177567,27.99163506,44.90053224,42.21583723,18.77
"Portland Vancouver Hillsboro, OR WA",43.661471,-70.2553259,West,52.79950292,62.64230417,34.46594341,43.22360996,49.11
"Prescott, AZ",34.5400242,-112.4685025,West,71.55754492,43.34864788,33.01718712,23.96462968,79.44
"Providence Warwick, RI MA",41.8239891,-71.4128343,Northeast,60.76047292,31.56497015,67.50462474,66.99578997,72.82
"Provo Orem, UT",40.2338438,-111.6585337,West,49.58868028,19.86271606,41.7799225,39.88341105,61.09
"Pueblo, CO",38.2544472,-104.6091409,West,44.89732542,47.533407,61.19482113,31.38373415,46.81
"Punta Gorda, FL",26.9297836,-82.0453664,South,47.75741972,45.08296134,39.32608819,61.22366376,49.62
"Racine, WI",42.7261309,-87.7828523,Midwest,21.19410127,45.81970767,55.70116943,37.41696307,47.32
"Raleigh, NC",35.7795897,-78.6381787,South,67.45340136,67.72605523,39.29633953,46.30969861,70.52
"Rapid City, SD",44.0805434,-103.2310149,Midwest,39.32535003,31.38373415,45.48396018,40.01595281,87.6
"Reading, PA",40.3356483,-75.9268747,Northeast,34.08476464,37.274675,50.12040341,32.61944185,47.07
"Redding, CA",40.5865396,-122.3916754,West,49.77506509,31.0161194,71.49691537,75.74969254,21.83
"Reno, NV",39.5296329,-119.8138027,West,62.31294649,54.89951606,52.61377017,64.99163334,44.26
"Richmond, VA",37.5407246,-77.4360481,South,80.46170012,71.75760857,29.61133995,35.20709627,68.74
"Riverside San Bernardino Ontario, CA",33.9533487,-117.3961564,West,59.62056985,60.71567115,27.67167193,84.55012874,38.91
"Roanoke, VA",37.2709704,-79.9414266,South,53.55382073,55.17223276,41.97399509,51.24768847,66.7
"Rochester, MN",44.0234,-92.46295,Midwest,63.57446952,56.14344448,27.75318022,27.08304638,25.14
"Rochester, NY",43.16103,-77.6109219,Northeast,90.6151933,77.87879865,4.514073306,85.92111357,33.81
"Rockford, IL",42.2711311,-89.0939952,Midwest,77.21766969,71.0997464,19.78031389,49.87188616,17.5
"Rocky Mount, NC",35.9382103,-77.7905339,South,64.41339921,78.49051643,30.67130011,53.17022313,27.18
"Rome, GA",34.257038,-85.1646726,South,55.37322952,58.02956582,37.71368354,47.77831778,23.36
"Sacramento  Roseville  Arden Arcade, CA",38.5815719,-121.4943996,West,61.1029692,50.24492609,30.47748638,48.5142619,66.44
"Saginaw, MI",43.4194699,-83.9508068,Midwest,94.49908438,70.47464949,1,71.75760857,19.54
"Salem, OR",44.9428975,-123.0350963,West,65.96474416,45.32884371,49.31031001,34.26970362,64.15
"Salinas, CA",36.6777372,-121.6555013,West,53.1870608,58.17989157,40.37401754,41.19206016,15.2
"Salisbury, MD",38.3606736,-75.5993692,South,48.48118142,39.75046081,40.39819175,59.73318088,23.87
"Salt Lake City, UT",40.7607793,-111.8910474,West,38.74781584,6.256178979,37.01918797,51.75428393,75.37
"San Angelo, TX",31.4637723,-100.4370375,South,42.92932271,19.01401488,40.45159788,43.09838133,48.6
"San Antonio New Braunfels, TX",29.4241219,-98.4936282,South,88.63200918,87.58692663,22.57474898,31.20080144,34.32
"San Diego Carlsbad, CA",32.715738,-117.1610838,West,79.12854925,55.44698576,41.47552938,36.69890269,74.35
"San Francisco Oakland Hayward, CA",37.7749295,-122.4194155,West,40.36058757,36.69890269,43.95815314,45.45166301,88.62
"San Jose Sunnyvale Santa Clara, CA",37.3393857,-121.8949555,West,58.50116122,44.8367123,44.67779942,51.37397827,86.07
"San Luis Obispo Paso Robles Arroyo Grande, CA",35.2827524,-120.6596156,West,75.41378733,72.81635225,41.13089774,34.74280625,53.44
"Santa Cruz Watsonville, CA",36.9741171,-122.0307963,West,45.46961129,50.12041858,40.82913274,49.37656485,83.52
"Santa Fe, NM",35.6869752,-105.937799,West,60.78305691,65.63223522,39.21912236,52.78034588,35.09
"Santa Maria Santa Barbara, CA",34.9530337,-120.4357191,West,64.76651501,28.4271831,58.63335756,61.92055389,64.91
"Santa Rosa, CA",38.440429,-122.7140548,West,48.06283525,23.0597462,42.74173957,45.08296134,20.05
"Savannah, GA",32.0835407,-81.0998342,South,53.13208251,24.81151305,50.45752934,40.41122753,65.93
"Scranton Wilkes Barre Hazleton, PA",41.408969,75.6624122,Northeast,44.00834074,36.55322354,54.38017902,57.7313612,34.07
"Seattle Tacoma Bellevue, WA",47.6062095,-122.3320708,West,44.20629408,37.84010047,64.04482411,75.27949844,86.33
"Sebastian Vero Beach, FL",27.816415,-80.4706078,South,30.68273095,20.26403065,53.45038606,19.86271606,11.38
"Sheboygan, WI",43.7508284,-87.71453,Midwest,79.80353007,82.3522665,55.89464007,67.72605523,55.99
"Sherman Denison, TX",33.6356618,-96.6088805,South,66.43434274,55.86315327,42.14006875,28.4271831,6.79
"Shreveport Bossier City, LA",32.5251516,-93.7501789,South,48.18750141,65.85147055,50.16119099,40.14809621,53.95
"Sioux City, IA",42.4999942,96.4003069,Midwest,51.16413833,44.21915308,55.26354329,48.02339794,63.38
"Sioux Falls, SD",43.5445959,-96.7311034,Midwest,42.38793474,35.81353978,63.59140275,13.23736892,38.15
"South Bend Mishawaka, IN",41.6763545,86.2519898,Midwest,55.4397577,64.17368605,35.55049273,48.63716038,68.23
"Spartanburg, SC",34.9495672,-81.9320482,South,49.56515063,1,20.49221482,56.56843061,32.79
"Spokane Spokane Valley, WA",47.6587802,-117.4260466,West,30.77719004,39.88341105,46.85558953,60.54893348,46.3
"Springfield, IL",39.7817213,-89.6501481,Midwest,76.0495966,73.1914223,26.712515,48.3914426,62.11
"Springfield, MA",39.7817213,-89.6501481,Northeast,54.95773949,48.3914426,30.56888932,43.59817952,85.82
"Springfield, MO",39.7817213,-89.6501481,Midwest,57.71188149,38.94358955,42.90652067,4.106814838,84.29
"Springfield, OH",39.7817213,-89.6501481,Midwest,57.29403105,54.22601383,36.96783058,25.86534265,33.3
"St. Cloud, MN",45.5579451,-94.1632404,Midwest,44.99629803,48.5142619,77.41516979,58.17989157,6.02
"St. George, UT",37.0965278,-113.5684164,West,30.40090523,41.83401078,49.21546931,73.57907496,42.99
"St. Joseph, MO",39.7674578,94.846681,Midwest,47.87619084,45.57440933,53.20449505,31.56497015,42.73
"St. Louis, MO",38.6270025,90.1994042,Midwest,70.83970977,47.41099995,46.71204122,66.29917885,81.48
"State College, PA",40.7933949,-77.8600012,Northeast,53.07916948,60.05602109,47.2130493,60.21914086,89.64
"Stockton Lodi, CA",37.9577016,-121.2907796,West,57.25137909,33.94906127,46.2323465,46.55448857,14.95
"Sumter, SC",33.9204354,-80.3414693,South,18.41893533,26.60785249,56.20956327,50.87015069,51.15
"Syracuse, NY",43.0481221,-76.1474244,Northeast,44.82399374,19.44651217,50.81084914,55.44698576,77.15
"Tallahassee, FL",30.4382559,-84.2807329,South,70.30627933,38.11923057,21.72897578,45.57440933,88.88
"Tampa St. Petersburg Clearwater, FL",27.950575,-82.4571776,South,68.44680415,51.50050238,38.52796277,67.23525312,86.84
"Terre Haute, IN",39.4667034,-87.4139092,Midwest,49.38583484,48.14601678,42.93571048,31.0161194,24.89
"Toledo, OH",41.6639383,-83.555212,Midwest,61.26075276,60.88368157,31.73304406,41.06275973,68.48
"Topeka, KS",39.0558235,-95.6890185,Midwest,78.68706402,48.88321981,37.87813291,29.66941956,40.44
"Trenton, NJ",40.2170534,-74.7429384,Northeast,70.03354005,45.94227196,55.61953596,57.43628958,47.58
"Tucson, AZ",32.2217429,-110.926479,West,34.47824825,31.92255172,39.25706462,27.54392676,43.24
"Tulsa, OK",36.1539816,-95.992775,South,69.92636726,67.23525312,30.72642701,38.11923057,80.72
"Tuscaloosa, AL",33.2098407,-87.5691735,South,42.31093249,35.20709627,43.6884873,42.46912734,76.64
"Tyler, TX",32.3512601,-95.3010624,South,47.96990249,27.76936139,61.83612003,39.75046081,30.24
"Utica Rome, NY",43.100903,-75.232664,Northeast,58.05045182,44.09525779,40.08285255,42.34260323,26.67
"Valdosta, GA",30.8327022,-83.2784851,South,74.86940547,72.10024829,23.42717701,42.72148009,52.17
"Vallejo Fairfield, CA",38.1040864,-122.2566367,West,42.01558058,23.66994517,53.69456958,54.0926448,27.44
"Victoria, TX",28.8052674,-97.0035982,South,47.73839466,32.61944185,53.65163753,66.07374422,21.07
"Vineland Bridgeton, NJ",39.4863773,-75.0259637,Northeast,58.52608218,49.50019372,42.02368758,62.64230417,5.26
"Virginia Beach Norfolk Newport News, VA",36.8529263,75.977985,South,26.81815657,47.90083365,62.22781347,36.55322354,48.34
"Visalia Porterville, CA",36.3302284,-119.2920585,West,44.61946191,55.58515694,63.25695719,26.36449012,50.89
"Waco, TX",31.549333,-97.1466695,South,51.28115557,47.04389951,44.48921366,68.76061282,90.41
"Warner Robins, GA",32.608611,-83.638056,South,82.57969352,66.52790448,4.225573653,70.47464949,15.97
"Washington, DC",38.9071923,77.0368707,South,49.7741661,33.29417213,62.93544818,69.03159255,77.91
"Waterloo Cedar Falls, IA",42.492786,-92.3425775,Midwest,60.89134917,68.76061282,37.52824071,30.06445735,12.4
"Wausau, WI",44.9591352,-89.6301221,Midwest,74.57552017,57.14420292,50.84416742,72.81635225,8.32
"Wheeling, OH",40.0639616,80.7209149,Midwest,45.77804225,40.67288248,67.76407062,30.25876154,47.83
"Wichita Falls, TX",33.9137085,-98.4933873,South,49.27843584,48.76014427,50.55923061,14.69929103,73.07
"Wichita, KS",37.688889,-97.336111,Midwest,59.74424393,26.36449012,45.54047091,35.05327137,21.58
"Williamsport, PA",41.2411897,-77.0010786,Northeast,79.82777312,61.39571048,20.60063314,78.49051643,57.52
"Wilmington, NC",34.2257255,-77.9447102,South,36.21019365,34.42842572,69.24323508,33.45967124,54.46
"Winchester, VA",39.1856597,78.1633341,South,44.57968019,30.06445735,56.35970794,29.26530936,8.06
"Winston Salem, NC",36.1039642,-80.254435,South,75.29071835,74.39659344,48.88581297,41.96154882,28.71
"Worcester, MA",42.2625932,71.8022934,Northeast,19.76004118,30.25876154,62.93877088,34.58611792,50.38
"Yakima, WA",46.6020711,-120.5058987,West,66.2762431,68.49481427,36.46208034,36.40681603,43.5
"York Hanover, PA",39.9625984,-76.727745,Northeast,71.89896984,60.54893348,20.6428966,27.76936139,5.51
"Youngstown Warren Boardman, OH",41.0997803,80.6495194,Midwest,76.96373824,55.72387504,23.98433546,83.378832,13.16
"Yuba City, CA",39.1404477,-121.6169108,West,42.83453116,39.07921439,78.2849317,54.62873983,16.22
"Yuma, AZ",32.6926512,-114.6276916,West,57.3376444,56.28448545,59.85573848,60.05602109,44.52
